{
  "ForageSpawnEnabled": true,
  "MonsterSpawnEnabled": true,
  "Forage_Spawn_Settings": {
    "Areas": [
      {
        "SpringItemIndex": [
          "Morel",
          "Common Mushroom",
          "Spring Onion"
        ],
        "SummerItemIndex": [
          "Fiddlehead Fern",
          "Red Mushroom"
        ],
        "FallItemIndex": [
          "Chanterelle",
          "Common Mushroom",
          "Red Mushroom"
        ],
        "WinterItemIndex": [
          "Holly",
          "Snow Yam",
          "Winter Root"
        ],
        "UniqueAreaID": "ForgottenFarmWoodland",
        "MapName": "Azathii.ForgottenWoods_ForgottenFarm",
        "MinimumSpawnsPerDay": 2,
        "MaximumSpawnsPerDay": 3,
        "IncludeTerrainTypes": [
          "Grass"
        ],
        "ExcludeTerrainTypes": [
          "Water",
          "Wood",
          "Dirt"
        ],
        "IncludeCoordinates": [],
        "ExcludeCoordinates": [
          "56, 79;39, 51"
        ],
        "StrictTileChecking": "Maximum",
        "SpawnTiming": {
          "StartTime": 600,
          "EndTime": 600,
          "MinimumTimeBetweenSpawns": 10,
          "MaximumSimultaneousSpawns": null,
          "OnlySpawnIfAPlayerIsPresent": false,
          "SpawnSound": ""
        },
        "ExtraConditions": {
          "Years": [],
          "Seasons": [],
          "Days": [],
          "WeatherYesterday": [],
          "WeatherToday": [],
          "WeatherTomorrow": [],
          "GameStateQueries": [],
          "CPConditions": {},
          "EPUPreconditions": [],
          "LimitedNumberOfSpawns": null
        },
        "DaysUntilSpawnsExpire": 3
      },
      {
        "SpringItemIndex": [
          "Potato",
          "Green Bean",
          "Garlic",
          "Parsnip",
          "Carrot",
          "Cauliflower",
          "Kale"
        ],
        "SummerItemIndex": [
          "Corn",
          "Hops",
          "Hot Pepper",
          "Radish",
          "Summer Squash",
          "Tomato",
          "Wheat"
        ],
        "FallItemIndex": [
          "Amaranth",
          "Artichoke",
          "Beet",
          "Bok Choy",
          "Broccoli",
          "Eggplant",
          "Pumpkin",
          "Yam",
          "Wheat"
        ],
        "WinterItemIndex": [],
        "UniqueAreaID": "ForgottenFarmFarmyard",
        "MapName": "Azathii.ForgottenWoods_ForgottenFarm",
        "MinimumSpawnsPerDay": 2,
        "MaximumSpawnsPerDay": 5,
        "IncludeTerrainTypes": [
          "Dirt"
        ],
        "ExcludeTerrainTypes": [
          "Water",
          "Wood",
          "Grass"
        ],
        "IncludeCoordinates": [
          "56, 79;39, 51"
        ],
        "ExcludeCoordinates": [],
        "StrictTileChecking": "Maximum",
        "SpawnTiming": {
          "StartTime": 600,
          "EndTime": 600,
          "MinimumTimeBetweenSpawns": 10,
          "MaximumSimultaneousSpawns": null,
          "OnlySpawnIfAPlayerIsPresent": false,
          "SpawnSound": ""
        },
        "ExtraConditions": {
          "Years": [],
          "Seasons": [],
          "Days": [],
          "WeatherYesterday": [],
          "WeatherToday": [],
          "WeatherTomorrow": [],
          "GameStateQueries": [],
          "CPConditions": {},
          "EPUPreconditions": [],
          "LimitedNumberOfSpawns": null
        },
        "DaysUntilSpawnsExpire": 3
      },
      {
        "SpringItemIndex": [
          "Survival Burger",
          "Pink Cake",
          "Pizza",
          "Bread"
        ],
        "SummerItemIndex": [
          "Blueberry Tart",
          "Fruit Salad",
          "Ginger Ale",
          "Ice Cream"
        ],
        "FallItemIndex": [
          "Pumpkin Pie",
          "Roasted Hazelnuts",
          "Chocolate Cake",
          "Fried Mushroom"
        ],
        "WinterItemIndex": [
          "Cranberry Candy",
          "Plum Pudding",
          "Cookie",
          "Stuffing"
        ],
        "UniqueAreaID": "ForgottenPicnicBlanket",
        "MapName": "Azathii.ForgottenWoods_ForgottenPicnic",
        "MinimumSpawnsPerDay": 1,
        "MaximumSpawnsPerDay": 1,
        "IncludeTerrainTypes": [
          "Dirt"
        ],
        "ExcludeTerrainTypes": [
          "Water",
          "Wood",
          "Grass"
        ],
        "IncludeCoordinates": [
          "13, 8;11, 6"
        ],
        "ExcludeCoordinates": [],
        "StrictTileChecking": "Maximum",
        "SpawnTiming": {
          "StartTime": 600,
          "EndTime": 600,
          "MinimumTimeBetweenSpawns": 10,
          "MaximumSimultaneousSpawns": null,
          "OnlySpawnIfAPlayerIsPresent": false,
          "SpawnSound": ""
        },
        "ExtraConditions": {
          "Years": [],
          "Seasons": [],
          "Days": [],
          "WeatherYesterday": [],
          "WeatherToday": [],
          "WeatherTomorrow": [],
          "GameStateQueries": [],
          "CPConditions": {},
          "EPUPreconditions": [],
          "LimitedNumberOfSpawns": null
        },
        "DaysUntilSpawnsExpire": 3
      },
      {
        "SpringItemIndex": [
          "Wine"
        ],
        "SummerItemIndex": [
          "Wine"
        ],
        "FallItemIndex": [
          "Wine"
        ],
        "WinterItemIndex": [
          "Wine"
        ],
        "UniqueAreaID": "ForgottenFarmhouse",
        "MapName": "Azathii.ForgottenWoods_ForgottenFarmhouse",
        "MinimumSpawnsPerDay": 1,
        "MaximumSpawnsPerDay": 1,
        "IncludeTerrainTypes": [
          "Wood"
        ],
        "ExcludeTerrainTypes": [
          "Water",
          "Dirt",
          "Grass"
        ],
        "IncludeCoordinates": [],
        "ExcludeCoordinates": [],
        "StrictTileChecking": "Maximum",
        "SpawnTiming": {
          "StartTime": 600,
          "EndTime": 600,
          "MinimumTimeBetweenSpawns": 10,
          "MaximumSimultaneousSpawns": null,
          "OnlySpawnIfAPlayerIsPresent": false,
          "SpawnSound": ""
        },
        "ExtraConditions": {
          "Years": [],
          "Seasons": [],
          "Days": [],
          "WeatherYesterday": [],
          "WeatherToday": [],
          "WeatherTomorrow": [],
          "GameStateQueries": [],
          "CPConditions": {},
          "EPUPreconditions": [],
          "LimitedNumberOfSpawns": null
        },
        "DaysUntilSpawnsExpire": 2
      },
      {
        "SpringItemIndex": [
          "Morel",
          "Common Mushroom",
          "Spring Onion",
          "Daffodil",
          "Dandelion",
          "Leek",
          "Wild Horseradish"
        ],
        "SummerItemIndex": [
          "Fiddlehead Fern",
          "Red Mushroom",
          "Spice Berry",
          "Sweet Pea",
          "Grape"
        ],
        "FallItemIndex": [
          "Chanterelle",
          "Red Mushroom",
          "Common Mushroom",
          "Hazelnut",
          "Wild Plum",
          "Blackberry"
        ],
        "WinterItemIndex": [
          "Winter Root",
          "Snow Yam",
          "Holly",
          "Crocus",
          "Crystal Fruit"
        ],
        "UniqueAreaID": "ForgottenHillForage",
        "MapName": "Azathii.ForgottenWoods_ForgottenHill",
        "MinimumSpawnsPerDay": 2,
        "MaximumSpawnsPerDay": 3,
        "IncludeTerrainTypes": [
          "Grass"
        ],
        "ExcludeTerrainTypes": [
          "Water",
          "Wood",
          "Dirt",
          "Stone"
        ],
        "IncludeCoordinates": [],
        "ExcludeCoordinates": [
          "88, 61; 60, 42"
        ],
        "StrictTileChecking": "Maximum",
        "SpawnTiming": {
          "StartTime": 600,
          "EndTime": 600,
          "MinimumTimeBetweenSpawns": 10,
          "MaximumSimultaneousSpawns": null,
          "OnlySpawnIfAPlayerIsPresent": false,
          "SpawnSound": ""
        },
        "ExtraConditions": {
          "Years": [],
          "Seasons": [],
          "Days": [],
          "WeatherYesterday": [],
          "WeatherToday": [],
          "WeatherTomorrow": [],
          "GameStateQueries": [],
          "CPConditions": {},
          "EPUPreconditions": [],
          "LimitedNumberOfSpawns": null
        },
        "DaysUntilSpawnsExpire": 3
      },
      {
        "SpringItemIndex": [
          "Blue Jazz",
          "Tulip"
        ],
        "SummerItemIndex": [
          "Summer Spangle",
          "Poppy"
        ],
        "FallItemIndex": [
          "Sunflower",
          "Fairy Rose"
        ],
        "WinterItemIndex": [],
        "UniqueAreaID": "ForgottenHillCemetary",
        "MapName": "Azathii.ForgottenWoods_ForgottenHill",
        "MinimumSpawnsPerDay": 2,
        "MaximumSpawnsPerDay": 4,
        "IncludeTerrainTypes": [
          "Grass",
          "Dirt"
        ],
        "ExcludeTerrainTypes": [
          "Water",
          "Stone"
        ],
        "IncludeCoordinates": [],
        "ExcludeCoordinates": [
          "89,40;0,0",
          "57,62;0,41",
          "89,109;0,63"
        ],
        "StrictTileChecking": "Maximum",
        "SpawnTiming": {
          "StartTime": 600,
          "EndTime": 600,
          "MinimumTimeBetweenSpawns": 10,
          "MaximumSimultaneousSpawns": null,
          "OnlySpawnIfAPlayerIsPresent": false,
          "SpawnSound": ""
        },
        "ExtraConditions": {
          "Years": [],
          "Seasons": [],
          "Days": [],
          "WeatherYesterday": [],
          "WeatherToday": [],
          "WeatherTomorrow": [],
          "GameStateQueries": [],
          "CPConditions": {},
          "EPUPreconditions": [],
          "LimitedNumberOfSpawns": null
        },
        "DaysUntilSpawnsExpire": 3
      },
      {
        "SpringItemIndex": [
          "Purple Mushroom"
        ],
        "SummerItemIndex": [
          "Purple Mushroom"
        ],
        "FallItemIndex": [
          "Purple Mushroom"
        ],
        "WinterItemIndex": [
          "Purple Mushroom"
        ],
        "UniqueAreaID": "ForgottenCrypt",
        "MapName": "Azathii.ForgottenWoods_ForgottenCrypt",
        "MinimumSpawnsPerDay": 1,
        "MaximumSpawnsPerDay": 1,
        "IncludeTerrainTypes": [
          "Stone",
          "Dirt"
        ],
        "ExcludeTerrainTypes": [
          "Water",
          "Wood",
          "Grass"
        ],
        "IncludeCoordinates": [],
        "ExcludeCoordinates": [],
        "StrictTileChecking": "Maximum",
        "SpawnTiming": {
          "StartTime": 600,
          "EndTime": 600,
          "MinimumTimeBetweenSpawns": 10,
          "MaximumSimultaneousSpawns": null,
          "OnlySpawnIfAPlayerIsPresent": false,
          "SpawnSound": ""
        },
        "ExtraConditions": {
          "Years": [],
          "Seasons": [],
          "Days": [],
          "WeatherYesterday": [],
          "WeatherToday": [],
          "WeatherTomorrow": [],
          "GameStateQueries": [],
          "CPConditions": {},
          "EPUPreconditions": [],
          "LimitedNumberOfSpawns": null
        },
        "DaysUntilSpawnsExpire": 2
      },
      {
        "SpringItemIndex": [
          "Blue Jazz",
          "Tulip",
          "Morel",
          "Spring Onion"
        ],
        "SummerItemIndex": [
          "Summer Spangle",
          "Poppy",
          "Fiddlehead Fern",
          "Red Mushroom"
        ],
        "FallItemIndex": [
          "Fairy Rose",
          "Sunflower",
          "Chanterelle",
          "Red Mushroom"
        ],
        "WinterItemIndex": [
          "Winter Root",
          "Snow Yam",
          "Holly"
        ],
        "UniqueAreaID": "ForgottenPeakForage",
        "MapName": "Azathii.ForgottenWoods_ForgottenPeak",
        "MinimumSpawnsPerDay": 2,
        "MaximumSpawnsPerDay": 4,
        "IncludeTerrainTypes": [
          "Grass"
        ],
        "ExcludeTerrainTypes": [
          "Water",
          "Wood",
          "Dirt",
          "Stone"
        ],
        "IncludeCoordinates": [],
        "ExcludeCoordinates": [],
        "StrictTileChecking": "Maximum",
        "SpawnTiming": {
          "StartTime": 600,
          "EndTime": 600,
          "MinimumTimeBetweenSpawns": 10,
          "MaximumSimultaneousSpawns": null,
          "OnlySpawnIfAPlayerIsPresent": false,
          "SpawnSound": ""
        },
        "ExtraConditions": {
          "Years": [],
          "Seasons": [],
          "Days": [],
          "WeatherYesterday": [],
          "WeatherToday": [],
          "WeatherTomorrow": [],
          "GameStateQueries": [],
          "CPConditions": {},
          "EPUPreconditions": [],
          "LimitedNumberOfSpawns": null
        },
        "DaysUntilSpawnsExpire": 3
      },
      {
        "SpringItemIndex": [
          "Apricot",
          "Cherry",
          "Rhubarb",
          "Strawberry",
          "Ancient Fruit"
        ],
        "SummerItemIndex": [
          "Orange",
          "Peach",
          "Melon",
          "Blueberry",
          "Starfruit",
          "Banana",
          "Pineapple",
          "Mango",
          "Ancient Fruit"
        ],
        "FallItemIndex": [
          "Apple",
          "Pomegranate",
          "Cranberries",
          "Grape",
          "Ancient Fruit"
        ],
        "WinterItemIndex": [
          "Jelly",
          "Pickles",
          "Juice",
          "Honey"
        ],
        "UniqueAreaID": "ForgottenShrineForage",
        "MapName": "Azathii.ForgottenWoods_ForgottenShrine",
        "MinimumSpawnsPerDay": 2,
        "MaximumSpawnsPerDay": 3,
        "IncludeTerrainTypes": [
          "Dirt"
        ],
        "ExcludeTerrainTypes": [
          "Water",
          "Wood",
          "Grass",
          "Stone"
        ],
        "IncludeCoordinates": [],
        "ExcludeCoordinates": [],
        "StrictTileChecking": "Maximum",
        "SpawnTiming": {
          "StartTime": 600,
          "EndTime": 600,
          "MinimumTimeBetweenSpawns": 10,
          "MaximumSimultaneousSpawns": null,
          "OnlySpawnIfAPlayerIsPresent": false,
          "SpawnSound": ""
        },
        "ExtraConditions": {
          "Years": [],
          "Seasons": [],
          "Days": [],
          "WeatherYesterday": [],
          "WeatherToday": [],
          "WeatherTomorrow": [],
          "GameStateQueries": [],
          "CPConditions": {},
          "EPUPreconditions": [],
          "LimitedNumberOfSpawns": null
        },
        "DaysUntilSpawnsExpire": 3
      },
      {
        "SpringItemIndex": [
	  "Mussel"
	],
        "SummerItemIndex": [
          "Rainbow Shell"
        ],
        "FallItemIndex": [
	  "Oyster"
	],
        "WinterItemIndex": [
          "Nautilus Shell"
        ],
        "UniqueAreaID": "ForgottenTreehouse2Shells",
        "MapName": "Azathii.ForgottenWoods_ForgottenTreehouse2",
        "MinimumSpawnsPerDay": 1,
        "MaximumSpawnsPerDay": 1,
        "IncludeTerrainTypes": [
          "Dirt"
        ],
        "ExcludeTerrainTypes": [
          "Water",
          "Wood",
          "Grass",
          "Stone"
        ],
        "IncludeCoordinates": [],
        "ExcludeCoordinates": [],
        "StrictTileChecking": "Maximum",
        "SpawnTiming": {
          "StartTime": 600,
          "EndTime": 600,
          "MinimumTimeBetweenSpawns": 10,
          "MaximumSimultaneousSpawns": null,
          "OnlySpawnIfAPlayerIsPresent": false,
          "SpawnSound": ""
        },
        "ExtraConditions": {
          "Years": [],
          "Seasons": [],
          "Days": [],
          "WeatherYesterday": [],
          "WeatherToday": [],
          "WeatherTomorrow": [],
          "GameStateQueries": [],
          "CPConditions": {},
          "EPUPreconditions": [],
          "LimitedNumberOfSpawns": null
        },
        "DaysUntilSpawnsExpire": 2
      },
      {
        "SpringItemIndex": [
          "Artifact Spot"
        ],
        "SummerItemIndex": [
          "Artifact Spot"
        ],
        "FallItemIndex": [
          "Artifact Spot"
        ],
        "WinterItemIndex": [
          "Artifact Spot"
        ],
        "UniqueAreaID": "ForgottenFarmDigspot",
        "MapName": "Azathii.ForgottenWoods_ForgottenFarm",
        "MinimumSpawnsPerDay": 1,
        "MaximumSpawnsPerDay": 2,
        "IncludeTerrainTypes": [
          "Grass"
        ],
        "ExcludeTerrainTypes": [
          "Water",
          "Dirt",
          "Wood"
        ],
        "IncludeCoordinates": [],
        "ExcludeCoordinates": [],
        "StrictTileChecking": "Maximum",
        "SpawnTiming": {
          "StartTime": 600,
          "EndTime": 600,
          "MinimumTimeBetweenSpawns": 10,
          "MaximumSimultaneousSpawns": null,
          "OnlySpawnIfAPlayerIsPresent": false,
          "SpawnSound": ""
        },
        "ExtraConditions": {
          "Years": [],
          "Seasons": [],
          "Days": [],
          "WeatherYesterday": [],
          "WeatherToday": [],
          "WeatherTomorrow": [],
          "GameStateQueries": [],
          "CPConditions": {},
          "EPUPreconditions": [],
          "LimitedNumberOfSpawns": null
        },
        "DaysUntilSpawnsExpire": 2
      },
      {
        "SpringItemIndex": [
          "Artifact Spot"
        ],
        "SummerItemIndex": [
          "Artifact Spot"
        ],
        "FallItemIndex": [
          "Artifact Spot"
        ],
        "WinterItemIndex": [
          "Artifact Spot"
        ],
        "UniqueAreaID": "ForgottenHillDigspot",
        "MapName": "Azathii.ForgottenWoods_ForgottenFarm",
        "MinimumSpawnsPerDay": 1,
        "MaximumSpawnsPerDay": 2,
        "IncludeTerrainTypes": [
          "Grass"
        ],
        "ExcludeTerrainTypes": [
          "Water",
          "Dirt",
          "Wood"
        ],
        "IncludeCoordinates": [],
        "ExcludeCoordinates": [],
        "StrictTileChecking": "Maximum",
        "SpawnTiming": {
          "StartTime": 600,
          "EndTime": 600,
          "MinimumTimeBetweenSpawns": 10,
          "MaximumSimultaneousSpawns": null,
          "OnlySpawnIfAPlayerIsPresent": false,
          "SpawnSound": ""
        },
        "ExtraConditions": {
          "Years": [],
          "Seasons": [],
          "Days": [],
          "WeatherYesterday": [],
          "WeatherToday": [],
          "WeatherTomorrow": [],
          "GameStateQueries": [],
          "CPConditions": {},
          "EPUPreconditions": [],
          "LimitedNumberOfSpawns": null
        },
        "DaysUntilSpawnsExpire": 2
      },
      {
        "SpringItemIndex": [
          "Artifact Spot"
        ],
        "SummerItemIndex": [
          "Artifact Spot"
        ],
        "FallItemIndex": [
          "Artifact Spot"
        ],
        "WinterItemIndex": [
          "Artifact Spot"
        ],
        "UniqueAreaID": "ForgottenPeakDigspot",
        "MapName": "Azathii.ForgottenWoods_ForgottenPeak",
        "MinimumSpawnsPerDay": -1,
        "MaximumSpawnsPerDay": 1,
        "IncludeTerrainTypes": [
          "Grass"
        ],
        "ExcludeTerrainTypes": [
          "Water",
          "Dirt",
          "Wood"
        ],
        "IncludeCoordinates": [],
        "ExcludeCoordinates": [],
        "StrictTileChecking": "Maximum",
        "SpawnTiming": {
          "StartTime": 600,
          "EndTime": 600,
          "MinimumTimeBetweenSpawns": 10,
          "MaximumSimultaneousSpawns": null,
          "OnlySpawnIfAPlayerIsPresent": false,
          "SpawnSound": ""
        },
        "ExtraConditions": {
          "Years": [],
          "Seasons": [],
          "Days": [],
          "WeatherYesterday": [],
          "WeatherToday": [],
          "WeatherTomorrow": [],
          "GameStateQueries": [],
          "CPConditions": {},
          "EPUPreconditions": [],
          "LimitedNumberOfSpawns": null
        },
        "DaysUntilSpawnsExpire": 2
      }
    ],
    "PercentExtraSpawnsPerForagingLevel": 0,
    "SpringItemIndex": [],
    "SummerItemIndex": [],
    "FallItemIndex": [],
    "WinterItemIndex": [],
    "CustomTileIndex": []
  },
  "Monster_Spawn_Settings": {
    "Areas": [
      {
        "MonsterTypes": [
          {
            "MonsterName": "wilderness golem",
            "Settings": {
              "SpawnWeight": 4
            }
          },
          {
            "MonsterName": "iridium golem",
            "Settings": {
              "RelatedSkill": "Combat",
              "MinimumSkillLevel": 10,
              "SpawnWeight": 2
            }
          },
          {
            "MonsterName": "stick bug",
            "Settings": {
              "HP": 40,
              "Damage": 5,
              "Defense": 1,
              "Speed": 3,
              "EXP": 4,
              "SpawnWeight": 4,
              "Loot": [
                {
                  "Category": "Object",
                  "Name": "Wood",
                  "Stack": 3
                }
              ]
            }
          },
          {
            "MonsterName": "truffle crab",
            "Settings": {
              "SpawnWeight": 1
            }
          },
          {
            "MonsterName": "green slime",
            "Settings": {
              "RelatedSkill": "Combat",
              "MaximumSkillLevel": 3,
              "SpawnWeight": 2
            }
          },
          {
            "MonsterName": "blue slime",
            "Settings": {
              "RelatedSkill": "Combat",
              "MinimumSkillLevel": 4,
              "MaximumSkillLevel": 7,
              "SpawnWeight": 2
            }
          },
          {
            "MonsterName": "red slime",
            "Settings": {
              "RelatedSkill": "Combat",
              "MinimumSkillLevel": 8,
              "MaximumSkillLevel": 9,
              "SpawnWeight": 2
            }
          },
          {
            "MonsterName": "purple slime",
            "Settings": {
              "RelatedSkill": "Combat",
              "MinimumSkillLevel": 10,
              "SpawnWeight": 2
            }
          },
          {
            "MonsterName": "bat",
            "Settings": {
              "RelatedSkill": "Combat",
              "MaximumSkillLevel": 3,
              "SpawnWeight": 2
            }
          },
          {
            "MonsterName": "frost bat",
            "Settings": {
              "RelatedSkill": "Combat",
              "MinimumSkillLevel": 4,
              "MaximumSkillLevel": 7,
              "SpawnWeight": 2
            }
          },
          {
            "MonsterName": "lava bat",
            "Settings": {
              "RelatedSkill": "Combat",
              "MinimumSkillLevel": 8,
              "MaximumSkillLevel": 9,
              "SpawnWeight": 2
            }
          },
          {
            "MonsterName": "iridium bat",
            "Settings": {
              "RelatedSkill": "Combat",
              "MinimumSkillLevel": 10,
              "SpawnWeight": 2
            }
          }
        ],
        "UniqueAreaID": "ForgottenFarmEnemies",
        "MapName": "Azathii.ForgottenWoods_ForgottenFarm",
        "MinimumSpawnsPerDay": 8,
        "MaximumSpawnsPerDay": 12,
        "IncludeTerrainTypes": [
          "Grass"
        ],
        "ExcludeTerrainTypes": [
          "Water",
          "Wood",
          "Dirt"
        ],
        "IncludeCoordinates": [],
        "ExcludeCoordinates": [
          "56, 79;39, 51"
        ],
        "StrictTileChecking": "Maximum",
        "SpawnTiming": {
          "StartTime": 600,
          "EndTime": 600,
          "MinimumTimeBetweenSpawns": 5,
          "MaximumSimultaneousSpawns": 8,
          "OnlySpawnIfAPlayerIsPresent": false,
          "SpawnSound": ""
        },
        "ExtraConditions": {
          "Years": [],
          "Seasons": [],
          "Days": [],
          "WeatherYesterday": [],
          "WeatherToday": [],
          "WeatherTomorrow": [],
          "GameStateQueries": [],
          "CPConditions": {},
          "EPUPreconditions": [],
          "LimitedNumberOfSpawns": null
        },
        "DaysUntilSpawnsExpire": 1
      },
      {
        "MonsterTypes": [
          {
            "MonsterName": "skeleton",
            "Settings": {}
          }
        ],
        "UniqueAreaID": "ForgottenFarmhouseEnemies",
        "MapName": "Azathii.ForgottenWoods_ForgottenFarmhouse",
        "MinimumSpawnsPerDay": 1,
        "MaximumSpawnsPerDay": 1,
        "IncludeTerrainTypes": [
          "Wood"
        ],
        "ExcludeTerrainTypes": [
          "Water",
          "Grass",
          "Dirt"
        ],
        "IncludeCoordinates": [],
        "ExcludeCoordinates": [],
        "StrictTileChecking": "Maximum",
        "SpawnTiming": {
          "StartTime": 600,
          "EndTime": 600,
          "MinimumTimeBetweenSpawns": 5,
          "MaximumSimultaneousSpawns": 1,
          "OnlySpawnIfAPlayerIsPresent": false,
          "SpawnSound": ""
        },
        "ExtraConditions": {
          "Years": [],
          "Seasons": [],
          "Days": [],
          "WeatherYesterday": [],
          "WeatherToday": [],
          "WeatherTomorrow": [],
          "GameStateQueries": [],
          "CPConditions": {},
          "EPUPreconditions": [],
          "LimitedNumberOfSpawns": null
        },
        "DaysUntilSpawnsExpire": 1
      },
      {
        "MonsterTypes": [
          {
            "MonsterName": "wilderness golem",
            "Settings": {
              "SpawnWeight": 4
            }
          },
          {
            "MonsterName": "iridium golem",
            "Settings": {
              "RelatedSkill": "Combat",
              "MinimumSkillLevel": 10,
              "SpawnWeight": 2
            }
          },
          {
            "MonsterName": "stick bug",
            "Settings": {
              "HP": 40,
              "Damage": 5,
              "Defense": 1,
              "Speed": 3,
              "EXP": 4,
              "SpawnWeight": 4,
              "Loot": [
                {
                  "Category": "Object",
                  "Name": "Wood",
                  "Stack": 3
                }
              ]
            }
          },
          {
            "MonsterName": "truffle crab",
            "Settings": {
              "SpawnWeight": 1
            }
          },
          {
            "MonsterName": "green slime",
            "Settings": {
              "RelatedSkill": "Combat",
              "MaximumSkillLevel": 3,
              "SpawnWeight": 2
            }
          },
          {
            "MonsterName": "blue slime",
            "Settings": {
              "RelatedSkill": "Combat",
              "MinimumSkillLevel": 4,
              "MaximumSkillLevel": 7,
              "SpawnWeight": 2
            }
          },
          {
            "MonsterName": "red slime",
            "Settings": {
              "RelatedSkill": "Combat",
              "MinimumSkillLevel": 8,
              "MaximumSkillLevel": 9,
              "SpawnWeight": 2
            }
          },
          {
            "MonsterName": "purple slime",
            "Settings": {
              "RelatedSkill": "Combat",
              "MinimumSkillLevel": 10,
              "SpawnWeight": 2
            }
          },
          {
            "MonsterName": "bat",
            "Settings": {
              "RelatedSkill": "Combat",
              "MaximumSkillLevel": 3,
              "SpawnWeight": 2
            }
          },
          {
            "MonsterName": "frost bat",
            "Settings": {
              "RelatedSkill": "Combat",
              "MinimumSkillLevel": 4,
              "MaximumSkillLevel": 7,
              "SpawnWeight": 2
            }
          },
          {
            "MonsterName": "lava bat",
            "Settings": {
              "RelatedSkill": "Combat",
              "MinimumSkillLevel": 8,
              "MaximumSkillLevel": 9,
              "SpawnWeight": 2
            }
          },
          {
            "MonsterName": "iridium bat",
            "Settings": {
              "RelatedSkill": "Combat",
              "MinimumSkillLevel": 10,
              "SpawnWeight": 2
            }
          }
        ],
        "UniqueAreaID": "ForgottenHillEnemies",
        "MapName": "Azathii.ForgottenWoods_ForgottenHill",
        "MinimumSpawnsPerDay": 12,
        "MaximumSpawnsPerDay": 15,
        "IncludeTerrainTypes": [
          "Grass"
        ],
        "ExcludeTerrainTypes": [
          "Water",
          "Wood",
          "Dirt",
          "Stone"
        ],
        "IncludeCoordinates": [],
        "ExcludeCoordinates": [
          "88,61;60,42"
        ],
        "StrictTileChecking": "Maximum",
        "SpawnTiming": {
          "StartTime": 600,
          "EndTime": 600,
          "MinimumTimeBetweenSpawns": 5,
          "MaximumSimultaneousSpawns": 12,
          "OnlySpawnIfAPlayerIsPresent": false,
          "SpawnSound": ""
        },
        "ExtraConditions": {
          "Years": [],
          "Seasons": [],
          "Days": [],
          "WeatherYesterday": [],
          "WeatherToday": [],
          "WeatherTomorrow": [],
          "GameStateQueries": [],
          "CPConditions": {},
          "EPUPreconditions": [],
          "LimitedNumberOfSpawns": null
        },
        "DaysUntilSpawnsExpire": 1
      },
      {
        "MonsterTypes": [
          {
            "MonsterName": "skeleton",
            "Settings": {
              "SpawnWeight": 3
            }
          },
          {
            "MonsterName": "skeleton mage",
            "Settings": {
              "RelatedSkill": "Combat",
              "MinimumSkillLevel": 10,
              "SpawnWeight": 1
            }
          }
        ],
        "UniqueAreaID": "ForgottenHillCemetaryEnemies",
        "MapName": "Azathii.ForgottenWoods_ForgottenHill",
        "MinimumSpawnsPerDay": 3,
        "MaximumSpawnsPerDay": 5,
        "IncludeTerrainTypes": [
          "Grass",
          "Dirt"
        ],
        "ExcludeTerrainTypes": [
          "Water",
          "Wood",
          "Stone"
        ],
        "IncludeCoordinates": [],
        "ExcludeCoordinates": [
          "89,40;0,0",
          "57,62;0,41",
          "89,109;0,63"
        ],
        "StrictTileChecking": "Maximum",
        "SpawnTiming": {
          "StartTime": 600,
          "EndTime": 600,
          "MinimumTimeBetweenSpawns": 5,
          "MaximumSimultaneousSpawns": 3,
          "OnlySpawnIfAPlayerIsPresent": false,
          "SpawnSound": ""
        },
        "ExtraConditions": {
          "Years": [],
          "Seasons": [],
          "Days": [],
          "WeatherYesterday": [],
          "WeatherToday": [],
          "WeatherTomorrow": [],
          "GameStateQueries": [],
          "CPConditions": {},
          "EPUPreconditions": [],
          "LimitedNumberOfSpawns": null
        },
        "DaysUntilSpawnsExpire": 1
      },
      {
        "MonsterTypes": [
          {
            "MonsterName": "haunted skull",
            "Settings": {
              "SpawnWeight": 2
            }
          },
          {
            "MonsterName": "ghost",
            "Settings": {
              "SpawnWeight": 1
            }
          }
        ],
        "UniqueAreaID": "ForgottenCryptEnemies",
        "MapName": "Azathii.ForgottenWoods_ForgottenCrypt",
        "MinimumSpawnsPerDay": 2,
        "MaximumSpawnsPerDay": 2,
        "IncludeTerrainTypes": [
          "Stone",
          "Dirt"
        ],
        "ExcludeTerrainTypes": [
          "Water",
          "Wood",
          "Grass"
        ],
        "IncludeCoordinates": [],
        "ExcludeCoordinates": [],
        "StrictTileChecking": "Maximum",
        "SpawnTiming": {
          "StartTime": 600,
          "EndTime": 600,
          "MinimumTimeBetweenSpawns": 5,
          "MaximumSimultaneousSpawns": 2,
          "OnlySpawnIfAPlayerIsPresent": false,
          "SpawnSound": ""
        },
        "ExtraConditions": {
          "Years": [],
          "Seasons": [],
          "Days": [],
          "WeatherYesterday": [],
          "WeatherToday": [],
          "WeatherTomorrow": [],
          "GameStateQueries": [],
          "CPConditions": {},
          "EPUPreconditions": [],
          "LimitedNumberOfSpawns": null
        },
        "DaysUntilSpawnsExpire": 1
      }
    ],
    "CustomTileIndex": []
  }
}